query_text,category
mujhe koi government scheme chahiye farming ke liye,scheme_query
i am a farmer earning 5000 per month which scheme helps me,scheme_query
pm kisan ka paisa kaise milega mujhe,scheme_query
bpl card pe kya benefits milte hain,scheme_query
hamari beti ke liye koi yojana hai kya,scheme_query
garib log ke liye koi loan scheme hai kya,scheme_query
which scheme gives free house to poor people,scheme_query
kisan credit card kaise apply kare,scheme_query
merei land ke liye koi subsidy hai,scheme_query
gareeb family ke liye free treatment kaha se milega,scheme_query
kya main pmegp ke liye apply kar sakta hoon,scheme_query
agricultural loan ke liye kon sa bank jaldi dega,scheme_query
kisan bima yojana ka form kahan se milega,scheme_query
mistro yojana ke liye documents chahiye kya,scheme_query
pradhan mantri awas yojana gramin apply online,scheme_query
kya sc/st ke liye special scheme hai koi,scheme_query
mahilaon ke liye free silai machine yojana,scheme_query
old age pension ke liye apply kaise kare,scheme_query
student scholarship ke liye kahan jana hai,scheme_query
gareeb nagrik ke liye 100 din ka kaam,scheme_query
mudra loan small business ke liye details,scheme_query
deen dayal gram jyoti yojana free electricity,scheme_query
jan arogya yojana hospital mein kaise milega,scheme_query
maternity benefit yojana pregnancy mein,scheme_query
sukanya samriddhi account beti ke liye,scheme_query
upchar ke liye free dawai yojana,scheme_query
rog vima yojana farmer ke liye,scheme_query
rozgaar yojana naukri ke liye,scheme_query
apna ghar apni yojana poor ke liye,scheme_query
gau raksha yojana dairy farmer ke liye,scheme_query
kisan panchyat yojana training ke liye,scheme_query
pm shram yogi mandhan pension yojana,scheme_query
digital literacy yojana rural ke liye,scheme_query
solar energy yojana ghar ke liye,scheme_query
water conservation yojana gaon ke liye,scheme_query
pm swachh bharat toilet yojana,scheme_query
dairy farm subsidy yojana check karo,scheme_query
self help group loan ke liye yojana,scheme_query
kisan solar pump yojana 2024,scheme_query
rajiv gandhi kisan nyay yojana cg,scheme_query
mann ki baat farmer yojana bihar,scheme_query
kalia yojana odisha application status,scheme_query
rythu bharosa andhra pradesh transfer,scheme_query
telangana rythu nestham first installment,scheme_query
karnataka raitha belaku scheme online,scheme_query
gujarat farmers scheme application list,scheme_query
punjab kisan credit card apply karo,scheme_query
maharashtra farmer relief scheme check,scheme_query
rajasthan kisan yojana new registration,scheme_query
uttarakhand organic farming subsidy,scheme_query
haryana kisan registration online bita,scheme_query
himachal pradesh apple farmer scheme,scheme_query
assam kisan credit card apply now,scheme_query
west bengal kanyashree prakalpa update,scheme_query
karnataka gruha laxmi scheme 2000 rs,scheme_query
maharashtra majhi ladki sahaj yojana,scheme_query
odisha sushangya pension scheme,scheme_query
up free scooter yojana apply online,scheme_query
chhattisgarh godhan nidhi yojana,scheme_query
jharkhand kisan mitas yojana registration,scheme_query
arunachal pradesh farmer scheme status,scheme_query
nagaland tribal farmers scheme check,scheme_query
tripura kisan credit card apply karo,scheme_query
meghalaya farmers direct benefit list,scheme_query
manipur kisan uidaan yojana details,scheme_query
mizoram kisan samman yojana registration,scheme_query
sikkim organic farming subsidy online,scheme_query
goa kisan pension yojana apply,scheme_query
delhi urban farmers scheme check,scheme_query
chandigarh kisan credit card apply,scheme_query
puducherry farmers scheme application,scheme_query
andaman farmers relief scheme check,scheme_query
lakshadweep fishermen yojana registration,scheme_query
jammu kashmir kisan scheme check online,scheme_query
ladakh highland farmer scheme details,scheme_query
farm equipment subsidy yojana online apply,scheme_query
tractor purchase loan scheme check,scheme_query
cold storage yojana farmers ke liye,scheme_query
mandi farmer rate yojana check karo,scheme_query
horticulture subsidy scheme online apply,scheme_query
bee keeping yojana farmers registration,scheme_query
mushroom farming scheme apply online,scheme_query
sericulture yojana silkworm farmers,scheme_query
fish farming scheme registration online,scheme_query
poultry farming subsidy yojana check,scheme_query
goat farming scheme rural ke liye,scheme_query
dairy cattle scheme apply online,scheme_query
plant nursery yojana kisan registration,scheme_query
seed subsidy yojana farmers ke liye,scheme_query
fertilizer subsidy yojana check karo,scheme_query
kisan mandir yojana online apply,scheme_query
mujhe kaam chahiye mere gaon ke paas,job_query
mgnrega mein registration kaise hoti hai,job_query
daily wage work near my village in up,job_query
rozgaar guarantee scheme ke bare mein batao,job_query
100 din ka kaam kaise milega,job_query
gaon mein naukri kaise dhundhe,job_query
mazdoor card kaise banwaye,job_query
construction work mil sakta hai kya,job_query
factory mein job ke liye contact karo,job_query
hotel mein housekeeping ka kaam chahiye,job_query
restaurant ke liye helper ki naukri,job_query
driver ki job chahiye gaon mein,job_query
electrician ki training aur job,job_query
plumber ki naukri rural area mein,job_query
tailor ka kaam shahar mein dhundhe,job_query
carpenter ke liye job melega kahan,job_query
weaving ka kaam mahilaon ke liye,job_query
packing work ghar baith kar,job_query
embroidery ki naukri mil sakti hai,job_query
agricultural laborer ki job kahan milegi,job_query
harvesting season ka kaam dikhao,job_query
brick kiln work mil sakta hai,job_query
road construction pe job kaise mile,job_query
anganwadi worker ki naukri kaise mile,job_query
asha worker training ke liye bolo,job_query
nrega manday kaam registration online,job_query
mgnrega job card banao online,job_query
guaranteed wage employment form fill,job_query
rural employment scheme status check,job_query
employment registration online karo,job_query
skill based job mere gaon mein,job_query
computer operator job mil sakta hai,job_query
data entry work from home gaon mein,job_query
mobile repair training and job,job_query
two wheeler mechanic course online,job_query
four wheeler mechanic training placement,job_query
welding training job placement,job_query
electrical wiring training job,job_query
plumbing course placement gaon mein,job_query
tailoring course job guarantee,job_query
stitching training certificate job,job_query
handloom weaver job placement,job_query
carpenter skill training job,job_query
mason construction work training,job_query
painting decorating work training job,job_query
beautician training job placement,job_query
hairdresser training job gaon mein,job_query
cooking chef training placement,job_query
baker chef course job placement,job_query
hotel management training placement,job_query
security guard job training,job_query
store keeper job placement training,job_query
warehouse job work training,job_query
delivery boy job in city nearby,job_query
courier company job training,job_query
retail store job training placement,job_query
sales boy job training nearby,job_query
customer service job training gaon,job_query
accounting job training placement rural,job_query
banking job rural area placement,job_query
insurance agent job training check,job_query
microfinance job work nearby,job_query
mobile banking correspondent job,job_query
post office job rural training,job_query
government job center nearby gaon,job_query
police constable job requirements,job_query
army soldier recruitment gaon mein,job_query
railway job registration online,job_query
teacher job in village school,job_query
anganwadi helper job registration,job_query
midday meal cook job school,job_query
watchman security job rural area,job_query
gardener job park department nearby,job_query
sanitation worker job municipal,job_query
sweepers job municipal corporation,job_query
loading unloading work daily wage,job_query
warehouse labor job daily payment,job_query
farm worker job daily wages,job_query
packing job factory work nearby,job_query
textile mill job rural area,job_query
sugar mill job seasonal work,job_query
rice mill job worker needed,job_query
flour mill work available nearby,job_query
oil mill worker job seasonal,job_query
cotton picking job harvest season,job_query
mujhe tailoring seekhni hai koi free training hai kya,skill_query
skill india mein kaise register kare,skill_query
free computer course for rural youth near me,skill_query
iti admission ke liye kya documents chahiye,skill_query
pradhan mantri kaushal vikas yojana kaise join kare,skill_query
sewing machine training free gaon mein,skill_query
computer typing course near my village,skill_query
mobile repair training center nearby,skill_query
electrician course free training center,skill_query
plumbing course government institute,skill_query
carpentry training kaushal vikas,skill_query
welding training free institute,skill_query
beauty parlour training for women,skill_query
hair cutting styling course free,skill_query
cooking training hotel management,skill_query
baker training course institute,skill_query
handloom weaving training center,skill_query
pottery making course village,skill_query
bamboo craft training rural youth,skill_query
leather work training free,skill_query
paper quilling training home based,skill_query
candle making training small scale,skill_query
soap making training free course,skill_query
pickle making training women self help,skill_query
handicraft training rural artisans,skill_query
carpenter training apprenticeship nearby,skill_query
mason training construction skill,skill_query
painter decorator training course,skill_query
tiles fitting training job ready,skill_query
ac repair training institute nearby,skill_query
refrigerator repair course placement,skill_query
tv repair technician training,skill_query
laptop repair training course,skill_query
wifi router installation training,skill_query
solar panel installation training,skill_query
wind turbine technician course,skill_query
drone pilot training agriculture,skill_query
driving license training truck bus,skill_query
heavy vehicle driving course job,skill_query
two wheeler repair training center,skill_query
four wheeler mechanic training,skill_query
diesel mechanic training course,skill_query
tractor mechanic training center,skill_query
pump repair technician course,skill_query
generator mechanic training nearby,skill_query
bicycle repair training village,skill_query
shoe repair cobbler training course,skill_query
goldsmith training artisan course,skill_query
silversmith training traditional craft,skill_query
stone carving training artisan,skill_query
metal craft training rural craftsman,skill_query
wood carving training village artisan,skill_query
clay modelling training pottery,skill_query
block printing training textile,skill_query
tie dye training course free,skill_query
batik making training traditional art,skill_query
embroidery different states art training,skill_query
kantha stitch training west bengal,skill_query
chikankari embroidery lucknow course,skill_query
zardozi work training delhi,skill_query
bandhani tie dye gujarat training,skill_query
banarasi silk weaving training,skill_query
patola weaving patan training,skill_query
kalamkari hand paint training ap,skill_query
warli painting training maharashtra,skill_query
madhubani painting bihar course,skill_query
rangoli art training women self help,skill_query
meenakari work training craft,skill_query
kundan work training jewelry,skill_query
thewa work training rajasthan,skill_query
kinari work training lucknow,skill_query
zari work training mithila,skill_query
phulkari training punjab women,skill_query
kashmiri embroidery training course,skill_query
kashmir carpet weaving training,skill_query
sikkimese handicraft training youth,skill_query
naga tribal craft training,skill_query
bodo art weaving training assam,skill_query
mizo traditional craft training,skill_query
tribal jewelry making training,skill_query
bamboo basket weaving training,skill_query
coir work training kerala,skill_query
cashew processing training goa,skill_query
spice processing training karnataka,skill_query
food processing training institute,skill_query
packaging training industry ready,skill_query
digital marketing course rural youth,skill_query
social media training job placement,skill_query
online selling e commerce training,skill_query
gst filing training tax work,skill_query
tally accounting course placement,skill_query
ms office training job ready,skill_query
data entry operator training placement,skill_query
mujhe koi government scheme chahiye farming ke liye [variant 1],scheme_query
i am a farmer earning 5000 per month which scheme helps me [variant 2],scheme_query
pm kisan ka paisa kaise milega mujhe [variant 3],scheme_query
bpl card pe kya benefits milte hain [variant 4],scheme_query
hamari beti ke liye koi yojana hai kya [variant 5],scheme_query
garib log ke liye koi loan scheme hai kya [variant 6],scheme_query
which scheme gives free house to poor people [variant 7],scheme_query
kisan credit card kaise apply kare [variant 8],scheme_query
merei land ke liye koi subsidy hai [variant 9],scheme_query
gareeb family ke liye free treatment kaha se milega [variant 10],scheme_query
kya main pmegp ke liye apply kar sakta hoon [variant 11],scheme_query
agricultural loan ke liye kon sa bank jaldi dega [variant 12],scheme_query
kisan bima yojana ka form kahan se milega [variant 13],scheme_query
mistro yojana ke liye documents chahiye kya [variant 14],scheme_query
pradhan mantri awas yojana gramin apply online [variant 15],scheme_query
kya sc/st ke liye special scheme hai koi [variant 16],scheme_query
mahilaon ke liye free silai machine yojana [variant 17],scheme_query
old age pension ke liye apply kaise kare [variant 18],scheme_query
student scholarship ke liye kahan jana hai [variant 19],scheme_query
gareeb nagrik ke liye 100 din ka kaam [variant 20],scheme_query
mudra loan small business ke liye details [variant 21],scheme_query
deen dayal gram jyoti yojana free electricity [variant 22],scheme_query
jan arogya yojana hospital mein kaise milega [variant 23],scheme_query
maternity benefit yojana pregnancy mein [variant 24],scheme_query
sukanya samriddhi account beti ke liye [variant 25],scheme_query
upchar ke liye free dawai yojana [variant 26],scheme_query
rog vima yojana farmer ke liye [variant 27],scheme_query
rozgaar yojana naukri ke liye [variant 28],scheme_query
apna ghar apni yojana poor ke liye [variant 29],scheme_query
gau raksha yojana dairy farmer ke liye [variant 30],scheme_query
kisan panchyat yojana training ke liye [variant 31],scheme_query
